PRAGMA foreign_keys=OFF;
BEGIN TRANSACTION;
CREATE TABLE "schema_migrations" ("version" varchar(255) NOT NULL);
INSERT INTO "schema_migrations" VALUES('1');
INSERT INTO "schema_migrations" VALUES('2');
INSERT INTO "schema_migrations" VALUES('3');
INSERT INTO "schema_migrations" VALUES('4');
INSERT INTO "schema_migrations" VALUES('5');
INSERT INTO "schema_migrations" VALUES('6');
INSERT INTO "schema_migrations" VALUES('7');
INSERT INTO "schema_migrations" VALUES('8');
INSERT INTO "schema_migrations" VALUES('9');
INSERT INTO "schema_migrations" VALUES('10');
INSERT INTO "schema_migrations" VALUES('11');
INSERT INTO "schema_migrations" VALUES('12');
INSERT INTO "schema_migrations" VALUES('13');
INSERT INTO "schema_migrations" VALUES('14');
INSERT INTO "schema_migrations" VALUES('15');
INSERT INTO "schema_migrations" VALUES('16');
INSERT INTO "schema_migrations" VALUES('17');
INSERT INTO "schema_migrations" VALUES('18');
INSERT INTO "schema_migrations" VALUES('19');
INSERT INTO "schema_migrations" VALUES('20');
INSERT INTO "schema_migrations" VALUES('21');
INSERT INTO "schema_migrations" VALUES('22');
INSERT INTO "schema_migrations" VALUES('23');
INSERT INTO "schema_migrations" VALUES('24');
INSERT INTO "schema_migrations" VALUES('25');
INSERT INTO "schema_migrations" VALUES('26');
INSERT INTO "schema_migrations" VALUES('27');
INSERT INTO "schema_migrations" VALUES('28');
INSERT INTO "schema_migrations" VALUES('29');
INSERT INTO "schema_migrations" VALUES('30');
INSERT INTO "schema_migrations" VALUES('31');
INSERT INTO "schema_migrations" VALUES('32');
INSERT INTO "schema_migrations" VALUES('33');
INSERT INTO "schema_migrations" VALUES('34');
INSERT INTO "schema_migrations" VALUES('35');
INSERT INTO "schema_migrations" VALUES('36');
INSERT INTO "schema_migrations" VALUES('37');
INSERT INTO "schema_migrations" VALUES('38');
INSERT INTO "schema_migrations" VALUES('39');
INSERT INTO "schema_migrations" VALUES('40');
INSERT INTO "schema_migrations" VALUES('41');
INSERT INTO "schema_migrations" VALUES('42');
INSERT INTO "schema_migrations" VALUES('43');
INSERT INTO "schema_migrations" VALUES('44');
INSERT INTO "schema_migrations" VALUES('45');
INSERT INTO "schema_migrations" VALUES('46');
INSERT INTO "schema_migrations" VALUES('47');
INSERT INTO "schema_migrations" VALUES('48');
INSERT INTO "schema_migrations" VALUES('49');
INSERT INTO "schema_migrations" VALUES('50');
INSERT INTO "schema_migrations" VALUES('51');
INSERT INTO "schema_migrations" VALUES('52');
INSERT INTO "schema_migrations" VALUES('53');
INSERT INTO "schema_migrations" VALUES('54');
INSERT INTO "schema_migrations" VALUES('55');
INSERT INTO "schema_migrations" VALUES('56');
INSERT INTO "schema_migrations" VALUES('57');
INSERT INTO "schema_migrations" VALUES('58');
INSERT INTO "schema_migrations" VALUES('59');
INSERT INTO "schema_migrations" VALUES('60');
INSERT INTO "schema_migrations" VALUES('61');
INSERT INTO "schema_migrations" VALUES('62');
INSERT INTO "schema_migrations" VALUES('63');
INSERT INTO "schema_migrations" VALUES('64');
INSERT INTO "schema_migrations" VALUES('65');
INSERT INTO "schema_migrations" VALUES('66');
INSERT INTO "schema_migrations" VALUES('67');
INSERT INTO "schema_migrations" VALUES('68');
INSERT INTO "schema_migrations" VALUES('69');
INSERT INTO "schema_migrations" VALUES('70');
INSERT INTO "schema_migrations" VALUES('71');
INSERT INTO "schema_migrations" VALUES('72');
INSERT INTO "schema_migrations" VALUES('73');
INSERT INTO "schema_migrations" VALUES('74');
INSERT INTO "schema_migrations" VALUES('75');
INSERT INTO "schema_migrations" VALUES('76');
INSERT INTO "schema_migrations" VALUES('77');
INSERT INTO "schema_migrations" VALUES('78');
INSERT INTO "schema_migrations" VALUES('79');
INSERT INTO "schema_migrations" VALUES('80');
INSERT INTO "schema_migrations" VALUES('81');
INSERT INTO "schema_migrations" VALUES('82');
INSERT INTO "schema_migrations" VALUES('83');
INSERT INTO "schema_migrations" VALUES('84');
INSERT INTO "schema_migrations" VALUES('85');
INSERT INTO "schema_migrations" VALUES('86');
INSERT INTO "schema_migrations" VALUES('87');
INSERT INTO "schema_migrations" VALUES('88');
INSERT INTO "schema_migrations" VALUES('89');
INSERT INTO "schema_migrations" VALUES('90');
INSERT INTO "schema_migrations" VALUES('91');
INSERT INTO "schema_migrations" VALUES('92');
INSERT INTO "schema_migrations" VALUES('93');
INSERT INTO "schema_migrations" VALUES('94');
INSERT INTO "schema_migrations" VALUES('95');
INSERT INTO "schema_migrations" VALUES('96');
INSERT INTO "schema_migrations" VALUES('97');
INSERT INTO "schema_migrations" VALUES('98');
INSERT INTO "schema_migrations" VALUES('99');
INSERT INTO "schema_migrations" VALUES('100');
INSERT INTO "schema_migrations" VALUES('101');
INSERT INTO "schema_migrations" VALUES('102');
INSERT INTO "schema_migrations" VALUES('103');
INSERT INTO "schema_migrations" VALUES('104');
INSERT INTO "schema_migrations" VALUES('105');
INSERT INTO "schema_migrations" VALUES('106');
INSERT INTO "schema_migrations" VALUES('107');
INSERT INTO "schema_migrations" VALUES('108');
INSERT INTO "schema_migrations" VALUES('20090214190337');
INSERT INTO "schema_migrations" VALUES('20090312172426');
INSERT INTO "schema_migrations" VALUES('20090312194159');
INSERT INTO "schema_migrations" VALUES('20090318181151');
INSERT INTO "schema_migrations" VALUES('20090323224724');
INSERT INTO "schema_migrations" VALUES('20090401221305');
INSERT INTO "schema_migrations" VALUES('20090401231134');
INSERT INTO "schema_migrations" VALUES('20090403001910');
INSERT INTO "schema_migrations" VALUES('20090406161854');
INSERT INTO "schema_migrations" VALUES('20090425161243');
INSERT INTO "schema_migrations" VALUES('20090503121501');
INSERT INTO "schema_migrations" VALUES('20090503121505');
INSERT INTO "schema_migrations" VALUES('20090503121510');
INSERT INTO "schema_migrations" VALUES('20090614091200');
INSERT INTO "schema_migrations" VALUES('20090704172350');
INSERT INTO "schema_migrations" VALUES('20090704172355');
INSERT INTO "schema_migrations" VALUES('20090704172358');
INSERT INTO "schema_migrations" VALUES('20091010093521');
INSERT INTO "schema_migrations" VALUES('20091017212227');
INSERT INTO "schema_migrations" VALUES('20091017212457');
INSERT INTO "schema_migrations" VALUES('20091017212644');
INSERT INTO "schema_migrations" VALUES('20091017212938');
INSERT INTO "schema_migrations" VALUES('20091017213027');
INSERT INTO "schema_migrations" VALUES('20091017213113');
INSERT INTO "schema_migrations" VALUES('20091017213151');
INSERT INTO "schema_migrations" VALUES('20091017213228');
INSERT INTO "schema_migrations" VALUES('20091017213257');
INSERT INTO "schema_migrations" VALUES('20091017213332');
INSERT INTO "schema_migrations" VALUES('20091017213444');
INSERT INTO "schema_migrations" VALUES('20091017213536');
INSERT INTO "schema_migrations" VALUES('20091017213642');
INSERT INTO "schema_migrations" VALUES('20091017213716');
INSERT INTO "schema_migrations" VALUES('20091017213757');
INSERT INTO "schema_migrations" VALUES('20091017213835');
INSERT INTO "schema_migrations" VALUES('20091017213910');
INSERT INTO "schema_migrations" VALUES('20091017214015');
INSERT INTO "schema_migrations" VALUES('20091017214107');
INSERT INTO "schema_migrations" VALUES('20091017214136');
INSERT INTO "schema_migrations" VALUES('20091017214236');
INSERT INTO "schema_migrations" VALUES('20091017214308');
INSERT INTO "schema_migrations" VALUES('20091017214336');
INSERT INTO "schema_migrations" VALUES('20091017214406');
INSERT INTO "schema_migrations" VALUES('20091017214440');
INSERT INTO "schema_migrations" VALUES('20091017214519');
INSERT INTO "schema_migrations" VALUES('20091017214611');
INSERT INTO "schema_migrations" VALUES('20091017214644');
INSERT INTO "schema_migrations" VALUES('20091017214720');
INSERT INTO "schema_migrations" VALUES('20091017214750');
INSERT INTO "schema_migrations" VALUES('20091025163651');
INSERT INTO "schema_migrations" VALUES('20091108092559');
INSERT INTO "schema_migrations" VALUES('20091114105931');
INSERT INTO "schema_migrations" VALUES('20091123212029');
INSERT INTO "schema_migrations" VALUES('20091205124427');
INSERT INTO "schema_migrations" VALUES('20091220183509');
INSERT INTO "schema_migrations" VALUES('20091220183727');
INSERT INTO "schema_migrations" VALUES('20091220184736');
INSERT INTO "schema_migrations" VALUES('20091225164732');
INSERT INTO "schema_migrations" VALUES('20091227112908');
INSERT INTO "schema_migrations" VALUES('20100129193402');
INSERT INTO "schema_migrations" VALUES('20100129193813');
INSERT INTO "schema_migrations" VALUES('20100221100219');
INSERT INTO "schema_migrations" VALUES('20100313132032');
INSERT INTO "schema_migrations" VALUES('20100313171051');
INSERT INTO "schema_migrations" VALUES('20100705164950');
INSERT INTO "schema_migrations" VALUES('20100819172912');
INSERT INTO "schema_migrations" VALUES('20101104182107');
INSERT INTO "schema_migrations" VALUES('20101107130441');
INSERT INTO "schema_migrations" VALUES('20101114115114');
INSERT INTO "schema_migrations" VALUES('20101114115359');
INSERT INTO "schema_migrations" VALUES('20110220160626');
INSERT INTO "schema_migrations" VALUES('20110223180944');
INSERT INTO "schema_migrations" VALUES('20110223180953');
INSERT INTO "schema_migrations" VALUES('20110224000000');
INSERT INTO "schema_migrations" VALUES('20110226120112');
INSERT INTO "schema_migrations" VALUES('20110226120132');
INSERT INTO "schema_migrations" VALUES('20110227125750');
INSERT INTO "schema_migrations" VALUES('20110228000000');
INSERT INTO "schema_migrations" VALUES('20110228000100');
INSERT INTO "schema_migrations" VALUES('20110401192910');
INSERT INTO "schema_migrations" VALUES('20110408103312');
INSERT INTO "schema_migrations" VALUES('20110412065600');
INSERT INTO "schema_migrations" VALUES('20110511000000');
INSERT INTO "schema_migrations" VALUES('20110902000000');
INSERT INTO "schema_migrations" VALUES('20111201201315');
INSERT INTO "schema_migrations" VALUES('20120115143024');
INSERT INTO "schema_migrations" VALUES('20120115143100');
INSERT INTO "schema_migrations" VALUES('20120115143126');
INSERT INTO "schema_migrations" VALUES('20120127174243');
INSERT INTO "schema_migrations" VALUES('20120205111326');
INSERT INTO "schema_migrations" VALUES('20120223110929');
INSERT INTO "schema_migrations" VALUES('20120301153455');
INSERT INTO "schema_migrations" VALUES('20120422150750');
INSERT INTO "schema_migrations" VALUES('20120705074331');
INSERT INTO "schema_migrations" VALUES('20120707064544');
INSERT INTO "schema_migrations" VALUES('20120714122000');
INSERT INTO "schema_migrations" VALUES('20120714122100');
INSERT INTO "schema_migrations" VALUES('20120714122200');
INSERT INTO "schema_migrations" VALUES('20120731164049');
INSERT INTO "schema_migrations" VALUES('20120930112914');
INSERT INTO "schema_migrations" VALUES('20121026002032');
INSERT INTO "schema_migrations" VALUES('20121026003537');
INSERT INTO "schema_migrations" VALUES('20121209123234');
INSERT INTO "schema_migrations" VALUES('20121209123358');
INSERT INTO "schema_migrations" VALUES('20121213084931');
INSERT INTO "schema_migrations" VALUES('20130110122628');
INSERT INTO "schema_migrations" VALUES('20130201184705');
INSERT INTO "schema_migrations" VALUES('20130202090625');
INSERT INTO "schema_migrations" VALUES('20130207175206');
INSERT INTO "schema_migrations" VALUES('20130207181455');
INSERT INTO "schema_migrations" VALUES('20130215073721');
INSERT INTO "schema_migrations" VALUES('20130215111127');
INSERT INTO "schema_migrations" VALUES('20130215111141');
INSERT INTO "schema_migrations" VALUES('20130217094251');
INSERT INTO "schema_migrations" VALUES('20130602092539');
INSERT INTO "schema_migrations" VALUES('20130710182539');
INSERT INTO "schema_migrations" VALUES('20130713104233');
INSERT INTO "schema_migrations" VALUES('20130713111657');
INSERT INTO "schema_migrations" VALUES('20130729070143');
INSERT INTO "schema_migrations" VALUES('20130911193200');
INSERT INTO "schema_migrations" VALUES('20131004113137');
INSERT INTO "schema_migrations" VALUES('20131005100610');
INSERT INTO "schema_migrations" VALUES('20131124175346');
INSERT INTO "schema_migrations" VALUES('20131210180802');
INSERT INTO "schema_migrations" VALUES('20131214094309');
INSERT INTO "schema_migrations" VALUES('20131215104612');
INSERT INTO "schema_migrations" VALUES('20131218183023');
INSERT INTO "schema_migrations" VALUES('20140228130325');
CREATE TABLE "custom_fields_projects" ("custom_field_id" integer DEFAULT 0 NOT NULL, "project_id" integer DEFAULT 0 NOT NULL);
INSERT INTO "custom_fields_projects" VALUES(1,1);
INSERT INTO "custom_fields_projects" VALUES(2,1);
INSERT INTO "custom_fields_projects" VALUES(3,1);
INSERT INTO "custom_fields_projects" VALUES(4,1);
INSERT INTO "custom_fields_projects" VALUES(1,2);
INSERT INTO "custom_fields_projects" VALUES(2,2);
INSERT INTO "custom_fields_projects" VALUES(3,2);
INSERT INTO "custom_fields_projects" VALUES(4,2);
INSERT INTO "custom_fields_projects" VALUES(1,3);
INSERT INTO "custom_fields_projects" VALUES(2,3);
INSERT INTO "custom_fields_projects" VALUES(3,3);
INSERT INTO "custom_fields_projects" VALUES(4,3);
INSERT INTO "custom_fields_projects" VALUES(1,4);
INSERT INTO "custom_fields_projects" VALUES(2,4);
INSERT INTO "custom_fields_projects" VALUES(3,4);
INSERT INTO "custom_fields_projects" VALUES(4,4);
INSERT INTO "custom_fields_projects" VALUES(1,5);
INSERT INTO "custom_fields_projects" VALUES(2,5);
INSERT INTO "custom_fields_projects" VALUES(3,5);
INSERT INTO "custom_fields_projects" VALUES(4,5);
INSERT INTO "custom_fields_projects" VALUES(1,6);
INSERT INTO "custom_fields_projects" VALUES(2,6);
INSERT INTO "custom_fields_projects" VALUES(3,6);
INSERT INTO "custom_fields_projects" VALUES(4,6);
INSERT INTO "custom_fields_projects" VALUES(1,7);
INSERT INTO "custom_fields_projects" VALUES(2,7);
INSERT INTO "custom_fields_projects" VALUES(3,7);
INSERT INTO "custom_fields_projects" VALUES(4,7);
CREATE TABLE "custom_fields_trackers" ("custom_field_id" integer DEFAULT 0 NOT NULL, "tracker_id" integer DEFAULT 0 NOT NULL);
INSERT INTO "custom_fields_trackers" VALUES(1,1);
INSERT INTO "custom_fields_trackers" VALUES(2,1);
INSERT INTO "custom_fields_trackers" VALUES(3,1);
INSERT INTO "custom_fields_trackers" VALUES(4,1);
CREATE TABLE "custom_values" ("id" INTEGER PRIMARY KEY AUTOINCREMENT NOT NULL, "customized_type" varchar(30) DEFAULT '' NOT NULL, "customized_id" integer DEFAULT 0 NOT NULL, "custom_field_id" integer DEFAULT 0 NOT NULL, "value" text);
INSERT INTO "custom_values" VALUES(1,'Issue',1,1,'DTU UNIT VALUE GOES HERE');
CREATE TABLE "documents" ("id" INTEGER PRIMARY KEY AUTOINCREMENT NOT NULL, "project_id" integer DEFAULT 0 NOT NULL, "category_id" integer DEFAULT 0 NOT NULL, "title" varchar(60) DEFAULT '' NOT NULL, "description" text, "created_on" datetime);
CREATE TABLE "issue_categories" ("id" INTEGER PRIMARY KEY AUTOINCREMENT NOT NULL, "project_id" integer DEFAULT 0 NOT NULL, "name" varchar(30) DEFAULT '' NOT NULL, "assigned_to_id" integer);
CREATE TABLE "news" ("id" INTEGER PRIMARY KEY AUTOINCREMENT NOT NULL, "project_id" integer, "title" varchar(60) DEFAULT '' NOT NULL, "summary" varchar(255) DEFAULT '', "description" text, "author_id" integer DEFAULT 0 NOT NULL, "created_on" datetime, "comments_count" integer DEFAULT 0 NOT NULL);
CREATE TABLE "tokens" ("id" INTEGER PRIMARY KEY AUTOINCREMENT NOT NULL, "user_id" integer DEFAULT 0 NOT NULL, "action" varchar(30) DEFAULT '' NOT NULL, "value" varchar(40) DEFAULT '' NOT NULL, "created_on" datetime NOT NULL);
INSERT INTO "tokens" VALUES(1,1,'feeds','00b1d2073831961d3aa036b04117c27c5526e944','2016-09-20 07:51:33.590195');
INSERT INTO "tokens" VALUES(2,1,'api','7009b5189f6097414327f5fcd433d2a9559bc332','2016-09-20 08:05:40.913925');
CREATE TABLE "workflows" ("id" INTEGER PRIMARY KEY AUTOINCREMENT NOT NULL, "tracker_id" integer DEFAULT 0 NOT NULL, "old_status_id" integer DEFAULT 0 NOT NULL, "new_status_id" integer DEFAULT 0 NOT NULL, "role_id" integer DEFAULT 0 NOT NULL, "assignee" boolean DEFAULT 'f' NOT NULL, "author" boolean DEFAULT 'f' NOT NULL, "type" varchar(30), "field_name" varchar(30), "rule" varchar(30));
CREATE TABLE "journals" ("id" INTEGER PRIMARY KEY AUTOINCREMENT NOT NULL, "journalized_id" integer DEFAULT 0 NOT NULL, "journalized_type" varchar(30) DEFAULT '' NOT NULL, "user_id" integer DEFAULT 0 NOT NULL, "notes" text, "created_on" datetime NOT NULL, "private_notes" boolean DEFAULT 'f' NOT NULL);
CREATE TABLE "user_preferences" ("id" INTEGER PRIMARY KEY AUTOINCREMENT NOT NULL, "user_id" integer DEFAULT 0 NOT NULL, "others" text, "hide_mail" boolean DEFAULT 'f', "time_zone" varchar(255));
INSERT INTO "user_preferences" VALUES(1,1,'--- {}
','f',NULL);
CREATE TABLE "comments" ("id" INTEGER PRIMARY KEY AUTOINCREMENT NOT NULL, "commented_type" varchar(30) DEFAULT '' NOT NULL, "commented_id" integer DEFAULT 0 NOT NULL, "author_id" integer DEFAULT 0 NOT NULL, "comments" text, "created_on" datetime NOT NULL, "updated_on" datetime NOT NULL);
CREATE TABLE "wikis" ("id" INTEGER PRIMARY KEY AUTOINCREMENT NOT NULL, "project_id" integer NOT NULL, "start_page" varchar(255) NOT NULL, "status" integer DEFAULT 1 NOT NULL);
INSERT INTO "wikis" VALUES(1,1,'Wiki',1);
INSERT INTO "wikis" VALUES(2,2,'Wiki',1);
INSERT INTO "wikis" VALUES(3,3,'Wiki',1);
INSERT INTO "wikis" VALUES(4,4,'Wiki',1);
INSERT INTO "wikis" VALUES(5,5,'Wiki',1);
INSERT INTO "wikis" VALUES(6,6,'Wiki',1);
INSERT INTO "wikis" VALUES(7,7,'Wiki',1);
CREATE TABLE "wiki_pages" ("id" INTEGER PRIMARY KEY AUTOINCREMENT NOT NULL, "wiki_id" integer NOT NULL, "title" varchar(255) NOT NULL, "created_on" datetime NOT NULL, "protected" boolean DEFAULT 'f' NOT NULL, "parent_id" integer DEFAULT NULL);
CREATE TABLE "wiki_contents" ("id" INTEGER PRIMARY KEY AUTOINCREMENT NOT NULL, "page_id" integer NOT NULL, "author_id" integer, "text" text, "comments" varchar(255) DEFAULT '', "updated_on" datetime NOT NULL, "version" integer NOT NULL);
CREATE TABLE "wiki_content_versions" ("id" INTEGER PRIMARY KEY AUTOINCREMENT NOT NULL, "wiki_content_id" integer NOT NULL, "page_id" integer NOT NULL, "author_id" integer, "data" blob, "compression" varchar(6) DEFAULT '', "comments" varchar(255) DEFAULT '', "updated_on" datetime NOT NULL, "version" integer NOT NULL);
CREATE TABLE "time_entries" ("id" INTEGER PRIMARY KEY AUTOINCREMENT NOT NULL, "project_id" integer NOT NULL, "user_id" integer NOT NULL, "issue_id" integer, "hours" float NOT NULL, "comments" varchar(255), "activity_id" integer NOT NULL, "spent_on" date NOT NULL, "tyear" integer NOT NULL, "tmonth" integer NOT NULL, "tweek" integer NOT NULL, "created_on" datetime NOT NULL, "updated_on" datetime NOT NULL);
CREATE TABLE "watchers" ("id" INTEGER PRIMARY KEY AUTOINCREMENT NOT NULL, "watchable_type" varchar(255) DEFAULT '' NOT NULL, "watchable_id" integer DEFAULT 0 NOT NULL, "user_id" integer);
CREATE TABLE "changesets_issues" ("changeset_id" integer NOT NULL, "issue_id" integer NOT NULL);
CREATE TABLE "issue_relations" ("id" INTEGER PRIMARY KEY AUTOINCREMENT NOT NULL, "issue_from_id" integer NOT NULL, "issue_to_id" integer NOT NULL, "relation_type" varchar(255) DEFAULT '' NOT NULL, "delay" integer);
CREATE TABLE "messages" ("id" INTEGER PRIMARY KEY AUTOINCREMENT NOT NULL, "board_id" integer NOT NULL, "parent_id" integer, "subject" varchar(255) DEFAULT '' NOT NULL, "content" text, "author_id" integer, "replies_count" integer DEFAULT 0 NOT NULL, "last_reply_id" integer, "created_on" datetime NOT NULL, "updated_on" datetime NOT NULL, "locked" boolean DEFAULT 'f', "sticky" integer DEFAULT 0);
CREATE TABLE "wiki_redirects" ("id" INTEGER PRIMARY KEY AUTOINCREMENT NOT NULL, "wiki_id" integer NOT NULL, "title" varchar(255), "redirects_to" varchar(255), "created_on" datetime NOT NULL);
CREATE TABLE "enabled_modules" ("id" INTEGER PRIMARY KEY AUTOINCREMENT NOT NULL, "project_id" integer, "name" varchar(255) NOT NULL);
INSERT INTO "enabled_modules" VALUES(1,1,'issue_tracking');
INSERT INTO "enabled_modules" VALUES(2,1,'time_tracking');
INSERT INTO "enabled_modules" VALUES(3,1,'news');
INSERT INTO "enabled_modules" VALUES(4,1,'documents');
INSERT INTO "enabled_modules" VALUES(5,1,'files');
INSERT INTO "enabled_modules" VALUES(6,1,'wiki');
INSERT INTO "enabled_modules" VALUES(7,1,'repository');
INSERT INTO "enabled_modules" VALUES(8,1,'boards');
INSERT INTO "enabled_modules" VALUES(9,1,'calendar');
INSERT INTO "enabled_modules" VALUES(10,1,'gantt');
INSERT INTO "enabled_modules" VALUES(11,2,'issue_tracking');
INSERT INTO "enabled_modules" VALUES(12,2,'time_tracking');
INSERT INTO "enabled_modules" VALUES(13,2,'news');
INSERT INTO "enabled_modules" VALUES(14,2,'documents');
INSERT INTO "enabled_modules" VALUES(15,2,'files');
INSERT INTO "enabled_modules" VALUES(16,2,'wiki');
INSERT INTO "enabled_modules" VALUES(17,2,'repository');
INSERT INTO "enabled_modules" VALUES(18,2,'boards');
INSERT INTO "enabled_modules" VALUES(19,2,'calendar');
INSERT INTO "enabled_modules" VALUES(20,2,'gantt');
INSERT INTO "enabled_modules" VALUES(21,3,'issue_tracking');
INSERT INTO "enabled_modules" VALUES(22,3,'time_tracking');
INSERT INTO "enabled_modules" VALUES(23,3,'news');
INSERT INTO "enabled_modules" VALUES(24,3,'documents');
INSERT INTO "enabled_modules" VALUES(25,3,'files');
INSERT INTO "enabled_modules" VALUES(26,3,'wiki');
INSERT INTO "enabled_modules" VALUES(27,3,'repository');
INSERT INTO "enabled_modules" VALUES(28,3,'boards');
INSERT INTO "enabled_modules" VALUES(29,3,'calendar');
INSERT INTO "enabled_modules" VALUES(30,3,'gantt');
INSERT INTO "enabled_modules" VALUES(31,4,'issue_tracking');
INSERT INTO "enabled_modules" VALUES(32,4,'time_tracking');
INSERT INTO "enabled_modules" VALUES(33,4,'news');
INSERT INTO "enabled_modules" VALUES(34,4,'documents');
INSERT INTO "enabled_modules" VALUES(35,4,'files');
INSERT INTO "enabled_modules" VALUES(36,4,'wiki');
INSERT INTO "enabled_modules" VALUES(37,4,'repository');
INSERT INTO "enabled_modules" VALUES(38,4,'boards');
INSERT INTO "enabled_modules" VALUES(39,4,'calendar');
INSERT INTO "enabled_modules" VALUES(40,4,'gantt');
INSERT INTO "enabled_modules" VALUES(41,5,'issue_tracking');
INSERT INTO "enabled_modules" VALUES(42,5,'time_tracking');
INSERT INTO "enabled_modules" VALUES(43,5,'news');
INSERT INTO "enabled_modules" VALUES(44,5,'documents');
INSERT INTO "enabled_modules" VALUES(45,5,'files');
INSERT INTO "enabled_modules" VALUES(46,5,'wiki');
INSERT INTO "enabled_modules" VALUES(47,5,'repository');
INSERT INTO "enabled_modules" VALUES(48,5,'boards');
INSERT INTO "enabled_modules" VALUES(49,5,'calendar');
INSERT INTO "enabled_modules" VALUES(50,5,'gantt');
INSERT INTO "enabled_modules" VALUES(51,6,'issue_tracking');
INSERT INTO "enabled_modules" VALUES(52,6,'time_tracking');
INSERT INTO "enabled_modules" VALUES(53,6,'news');
INSERT INTO "enabled_modules" VALUES(54,6,'documents');
INSERT INTO "enabled_modules" VALUES(55,6,'files');
INSERT INTO "enabled_modules" VALUES(56,6,'wiki');
INSERT INTO "enabled_modules" VALUES(57,6,'repository');
INSERT INTO "enabled_modules" VALUES(58,6,'boards');
INSERT INTO "enabled_modules" VALUES(59,6,'calendar');
INSERT INTO "enabled_modules" VALUES(60,6,'gantt');
INSERT INTO "enabled_modules" VALUES(61,7,'issue_tracking');
INSERT INTO "enabled_modules" VALUES(62,7,'time_tracking');
INSERT INTO "enabled_modules" VALUES(63,7,'news');
INSERT INTO "enabled_modules" VALUES(64,7,'documents');
INSERT INTO "enabled_modules" VALUES(65,7,'files');
INSERT INTO "enabled_modules" VALUES(66,7,'wiki');
INSERT INTO "enabled_modules" VALUES(67,7,'repository');
INSERT INTO "enabled_modules" VALUES(68,7,'boards');
INSERT INTO "enabled_modules" VALUES(69,7,'calendar');
INSERT INTO "enabled_modules" VALUES(70,7,'gantt');
CREATE TABLE "roles" ("id" INTEGER PRIMARY KEY AUTOINCREMENT NOT NULL, "name" varchar(30) DEFAULT '' NOT NULL, "position" integer DEFAULT 1, "assignable" boolean DEFAULT 't', "builtin" integer DEFAULT 0 NOT NULL, "permissions" text, "issues_visibility" varchar(30) DEFAULT 'default' NOT NULL);
INSERT INTO "roles" VALUES(1,'Non member',1,'t',1,NULL,'default');
INSERT INTO "roles" VALUES(2,'Anonymous',2,'t',2,NULL,'default');
CREATE TABLE "trackers" ("id" INTEGER PRIMARY KEY AUTOINCREMENT NOT NULL, "name" varchar(30) DEFAULT '' NOT NULL, "is_in_chlog" boolean DEFAULT 'f' NOT NULL, "position" integer DEFAULT 1, "is_in_roadmap" boolean DEFAULT 't' NOT NULL, "fields_bits" integer DEFAULT 0);
INSERT INTO "trackers" VALUES(1,'Some Tracker','f',1,'t',0);
CREATE TABLE "boards" ("id" INTEGER PRIMARY KEY AUTOINCREMENT NOT NULL, "project_id" integer NOT NULL, "name" varchar(255) DEFAULT '' NOT NULL, "description" varchar(255), "position" integer DEFAULT 1, "topics_count" integer DEFAULT 0 NOT NULL, "messages_count" integer DEFAULT 0 NOT NULL, "last_message_id" integer, "parent_id" integer);
CREATE TABLE "issue_statuses" ("id" INTEGER PRIMARY KEY AUTOINCREMENT NOT NULL, "name" varchar(30) DEFAULT '' NOT NULL, "is_closed" boolean DEFAULT 'f' NOT NULL, "is_default" boolean DEFAULT 'f' NOT NULL, "position" integer DEFAULT 1, "default_done_ratio" integer);
INSERT INTO "issue_statuses" VALUES(1,'Open','f','t',1,NULL);
INSERT INTO "issue_statuses" VALUES(2,'Closed','t','f',2,NULL);
CREATE TABLE "projects_trackers" ("project_id" integer DEFAULT 0 NOT NULL, "tracker_id" integer DEFAULT 0 NOT NULL);
INSERT INTO "projects_trackers" VALUES(1,1);
INSERT INTO "projects_trackers" VALUES(2,1);
INSERT INTO "projects_trackers" VALUES(3,1);
INSERT INTO "projects_trackers" VALUES(4,1);
INSERT INTO "projects_trackers" VALUES(5,1);
INSERT INTO "projects_trackers" VALUES(6,1);
INSERT INTO "projects_trackers" VALUES(7,1);
CREATE TABLE "versions" ("id" INTEGER PRIMARY KEY AUTOINCREMENT NOT NULL, "project_id" integer DEFAULT 0 NOT NULL, "name" varchar(255) DEFAULT '' NOT NULL, "description" varchar(255) DEFAULT '', "effective_date" date, "created_on" datetime, "updated_on" datetime, "wiki_page_title" varchar(255), "status" varchar(255) DEFAULT 'open', "sharing" varchar(255) DEFAULT 'none' NOT NULL);
CREATE TABLE "changesets" ("id" INTEGER PRIMARY KEY AUTOINCREMENT NOT NULL, "repository_id" integer NOT NULL, "revision" varchar(255) NOT NULL, "committer" varchar(255), "committed_on" datetime NOT NULL, "comments" text, "commit_date" date, "scmid" varchar(255), "user_id" integer DEFAULT NULL);
CREATE TABLE "open_id_authentication_associations" ("id" INTEGER PRIMARY KEY AUTOINCREMENT NOT NULL, "issued" integer, "lifetime" integer, "handle" varchar(255), "assoc_type" varchar(255), "server_url" blob, "secret" blob);
CREATE TABLE "open_id_authentication_nonces" ("id" INTEGER PRIMARY KEY AUTOINCREMENT NOT NULL, "timestamp" integer NOT NULL, "server_url" varchar(255), "salt" varchar(255) NOT NULL);
CREATE TABLE "settings" ("id" INTEGER PRIMARY KEY AUTOINCREMENT NOT NULL, "name" varchar(255) DEFAULT '' NOT NULL, "value" text, "updated_on" datetime);
INSERT INTO "settings" VALUES(1,'login_required','1','2016-09-20 08:05:30.795484');
INSERT INTO "settings" VALUES(2,'autologin','0','2016-09-20 08:05:30.826252');
INSERT INTO "settings" VALUES(3,'self_registration','2','2016-09-20 08:05:30.854767');
INSERT INTO "settings" VALUES(4,'unsubscribe','1','2016-09-20 08:05:30.884414');
INSERT INTO "settings" VALUES(5,'password_min_length','8','2016-09-20 08:05:30.924061');
INSERT INTO "settings" VALUES(6,'lost_password','1','2016-09-20 08:05:30.956103');
INSERT INTO "settings" VALUES(7,'openid','0','2016-09-20 08:05:30.988577');
INSERT INTO "settings" VALUES(8,'rest_api_enabled','1','2016-09-20 08:05:31.020892');
INSERT INTO "settings" VALUES(9,'jsonp_enabled','0','2016-09-20 08:05:31.055885');
INSERT INTO "settings" VALUES(10,'session_lifetime','0','2016-09-20 08:05:31.086115');
INSERT INTO "settings" VALUES(11,'session_timeout','0','2016-09-20 08:05:31.116526');
CREATE TABLE "member_roles" ("id" INTEGER PRIMARY KEY AUTOINCREMENT NOT NULL, "member_id" integer NOT NULL, "role_id" integer NOT NULL, "inherited_from" integer);
CREATE TABLE "members" ("id" INTEGER PRIMARY KEY AUTOINCREMENT NOT NULL, "user_id" integer DEFAULT 0 NOT NULL, "project_id" integer DEFAULT 0 NOT NULL, "created_on" datetime, "mail_notification" boolean DEFAULT 'f' NOT NULL);
CREATE TABLE "groups_users" ("group_id" integer NOT NULL, "user_id" integer NOT NULL);
CREATE TABLE "enumerations" ("id" INTEGER PRIMARY KEY AUTOINCREMENT NOT NULL, "name" varchar(30) DEFAULT '' NOT NULL, "position" integer DEFAULT 1, "is_default" boolean DEFAULT 'f' NOT NULL, "type" varchar(255), "active" boolean DEFAULT 't' NOT NULL, "project_id" integer, "parent_id" integer, "position_name" varchar(30));
INSERT INTO "enumerations" VALUES(1,'Default',1,'t','IssuePriority','t',NULL,NULL,NULL);
CREATE TABLE "changes" ("id" INTEGER PRIMARY KEY AUTOINCREMENT NOT NULL, "changeset_id" integer NOT NULL, "action" varchar(1) DEFAULT '' NOT NULL, "path" text(255) NOT NULL, "from_path" text(255), "from_revision" varchar(255), "revision" varchar(255), "branch" varchar(255));
CREATE TABLE "projects" ("id" INTEGER PRIMARY KEY AUTOINCREMENT NOT NULL, "name" varchar(255) DEFAULT '' NOT NULL, "description" text(255), "homepage" varchar(255) DEFAULT '', "is_public" boolean DEFAULT 't' NOT NULL, "parent_id" integer, "created_on" datetime, "updated_on" datetime, "identifier" varchar(255), "status" integer DEFAULT 1 NOT NULL, "lft" integer, "rgt" integer, "inherit_members" boolean DEFAULT 'f' NOT NULL);
INSERT INTO "projects" VALUES(1,'tib-orders-delivered-as-print','','','t',NULL,'2016-09-20 08:17:15.141078','2016-09-20 08:17:15.141078','tib-orders-delivered-as-print',1,13,14,'f');
INSERT INTO "projects" VALUES(2,'article_requests','','','t',NULL,'2016-09-20 11:34:44.585002','2016-09-20 11:34:44.585002','article_requests',1,1,2,'f');
INSERT INTO "projects" VALUES(3,'conference_article_requests','','','t',NULL,'2016-09-20 11:35:06.194323','2016-09-20 11:35:06.194323','conference_article_requests',1,7,8,'f');
INSERT INTO "projects" VALUES(4,'book_requests','','','t',NULL,'2016-09-20 11:35:26.847089','2016-09-20 11:35:26.847089','book_requests',1,3,4,'f');
INSERT INTO "projects" VALUES(5,'dtu-other','','','t',NULL,'2016-09-20 11:35:43.832642','2016-09-20 11:35:43.832642','dtu-other',1,9,10,'f');
INSERT INTO "projects" VALUES(6,'failed_automatic_requests','','','t',NULL,'2016-09-20 11:35:56.891241','2016-09-20 11:35:56.891241','failed_automatic_requests',1,11,12,'f');
INSERT INTO "projects" VALUES(7,'book_suggestions','','','t',NULL,'2016-09-20 11:36:10.477859','2016-09-20 11:36:10.477859','book_suggestions',1,5,6,'f');
CREATE TABLE "repositories" ("id" INTEGER PRIMARY KEY AUTOINCREMENT NOT NULL, "project_id" integer DEFAULT 0 NOT NULL, "url" varchar(255) DEFAULT '' NOT NULL, "login" varchar(60) DEFAULT '', "password" varchar(255) DEFAULT '', "root_url" varchar(255) DEFAULT '', "type" varchar(255), "path_encoding" varchar(64), "log_encoding" varchar(64) DEFAULT NULL, "extra_info" text, "identifier" varchar(255), "is_default" boolean DEFAULT 'f', "created_on" datetime);
CREATE TABLE "auth_sources" ("id" INTEGER PRIMARY KEY AUTOINCREMENT NOT NULL, "type" varchar(30) DEFAULT '' NOT NULL, "name" varchar(60) DEFAULT '' NOT NULL, "host" varchar(60), "port" integer, "account" varchar(255), "account_password" varchar(255) DEFAULT '', "base_dn" varchar(255), "attr_login" varchar(30), "attr_firstname" varchar(30), "attr_lastname" varchar(30), "attr_mail" varchar(30), "onthefly_register" boolean DEFAULT 'f' NOT NULL, "tls" boolean DEFAULT 'f' NOT NULL, "filter" varchar(255), "timeout" integer);
CREATE TABLE "journal_details" ("id" INTEGER PRIMARY KEY AUTOINCREMENT NOT NULL, "journal_id" integer DEFAULT 0 NOT NULL, "property" varchar(30) DEFAULT '' NOT NULL, "prop_key" varchar(30) DEFAULT '' NOT NULL, "old_value" text(255), "value" text(255));
CREATE TABLE "changeset_parents" ("changeset_id" integer NOT NULL, "parent_id" integer NOT NULL);
CREATE TABLE "attachments" ("id" INTEGER PRIMARY KEY AUTOINCREMENT NOT NULL, "container_id" integer, "container_type" varchar(30), "filename" varchar(255) DEFAULT '' NOT NULL, "disk_filename" varchar(255) DEFAULT '' NOT NULL, "filesize" integer DEFAULT 0 NOT NULL, "content_type" varchar(255) DEFAULT '', "digest" varchar(40) DEFAULT '' NOT NULL, "downloads" integer DEFAULT 0 NOT NULL, "author_id" integer DEFAULT 0 NOT NULL, "created_on" datetime, "description" varchar(255), "disk_directory" varchar(255));
CREATE TABLE "users" ("id" INTEGER PRIMARY KEY AUTOINCREMENT NOT NULL, "login" varchar(255) DEFAULT '' NOT NULL, "hashed_password" varchar(40) DEFAULT '' NOT NULL, "firstname" varchar(30) DEFAULT '' NOT NULL, "lastname" varchar(255) DEFAULT '' NOT NULL, "mail" varchar(60) DEFAULT '' NOT NULL, "admin" boolean DEFAULT 'f' NOT NULL, "status" integer DEFAULT 1 NOT NULL, "last_login_on" datetime, "language" varchar(5) DEFAULT '', "auth_source_id" integer, "created_on" datetime, "updated_on" datetime, "type" varchar(255), "identity_url" varchar(255), "mail_notification" varchar(255) DEFAULT '' NOT NULL, "salt" varchar(64), "must_change_passwd" boolean DEFAULT 'f' NOT NULL);
INSERT INTO "users" VALUES(1,'admin','3cf8f37601446b2b95da2ce1697484137228e056','Redmine','Admin','admin@example.net','t',1,'2016-09-20 10:44:19.249912','',NULL,'2016-09-20 07:48:47.685506','2016-09-20 07:48:47.685506','User',NULL,'all','2ea5b7d677e5b725beccfbcb9ca888eb','f');
INSERT INTO "users" VALUES(2,'','','','Anonymous','','f',0,NULL,'',NULL,'2016-09-20 07:49:48.931148','2016-09-20 07:49:48.931148','AnonymousUser',NULL,'only_my_events',NULL,'f');
CREATE TABLE "issues" ("id" INTEGER PRIMARY KEY AUTOINCREMENT NOT NULL, "tracker_id" integer NOT NULL, "project_id" integer NOT NULL, "subject" varchar(255) DEFAULT '' NOT NULL, "description" text, "due_date" date, "category_id" integer, "status_id" integer NOT NULL, "assigned_to_id" integer, "priority_id" integer NOT NULL, "fixed_version_id" integer, "author_id" integer NOT NULL, "lock_version" integer DEFAULT 0 NOT NULL, "created_on" datetime, "updated_on" datetime, "start_date" date, "done_ratio" integer DEFAULT 0 NOT NULL, "estimated_hours" float, "parent_id" integer, "root_id" integer, "lft" integer, "rgt" integer, "is_private" boolean DEFAULT 'f' NOT NULL, "closed_on" datetime);
INSERT INTO "issues" VALUES(1,1,1,'Delivery of "Neuartige Beschichtungssysteme für den Stahlbau: Laboratoriumsuntersuchungen und Freibewitterung" requested by Troels Lisberg Nielsen','',NULL,NULL,1,NULL,1,NULL,1,0,'2016-09-20 09:03:31.214092','2016-09-20 09:03:31.214092','2016-09-20',0,NULL,NULL,1,1,2,'f',NULL);
CREATE TABLE "queries_roles" ("query_id" integer NOT NULL, "role_id" integer NOT NULL);
CREATE TABLE "queries" ("id" INTEGER PRIMARY KEY AUTOINCREMENT NOT NULL, "project_id" integer, "name" varchar(255) DEFAULT '' NOT NULL, "filters" text, "user_id" integer DEFAULT 0 NOT NULL, "column_names" text, "sort_criteria" text, "group_by" varchar(255), "type" varchar(255), "visibility" integer DEFAULT 0, "options" text);
CREATE TABLE "custom_fields_roles" ("custom_field_id" integer NOT NULL, "role_id" integer NOT NULL);
CREATE TABLE "custom_fields" ("id" INTEGER PRIMARY KEY AUTOINCREMENT NOT NULL, "type" varchar(30) DEFAULT '' NOT NULL, "name" varchar(30) DEFAULT '' NOT NULL, "field_format" varchar(30) DEFAULT '' NOT NULL, "possible_values" text, "regexp" varchar(255) DEFAULT '', "min_length" integer, "max_length" int, "is_required" boolean DEFAULT 'f' NOT NULL, "is_for_all" boolean DEFAULT 'f' NOT NULL, "is_filter" boolean DEFAULT 'f' NOT NULL, "position" integer DEFAULT 1, "searchable" boolean DEFAULT 'f', "default_value" text, "editable" boolean DEFAULT 't', "visible" boolean DEFAULT 't' NOT NULL, "multiple" boolean DEFAULT 'f', "format_store" text, "description" text);
INSERT INTO "custom_fields" VALUES(1,'IssueCustomField','DTU Unit','string','---
...
','',NULL,NULL,'f','f','f',1,'f','','t','t','f','---
:text_formatting: ''''
:url_pattern: ''''
','');
INSERT INTO "custom_fields" VALUES(10,'IssueCustomField','Failed from','string',NULL,'',NULL,NULL,'f','f','f',2,'f','','t','t','f','---
:text_formatting: ''''
:url_pattern: ''''
','');
INSERT INTO "custom_fields" VALUES(13,'IssueCustomField','Books Suggestion','string',NULL,'',NULL,NULL,'f','f','f',3,'f','','t','t','f','---
:text_formatting: ''''
:url_pattern: ''''
','');
INSERT INTO "custom_fields" VALUES(15,'IssueCustomField','Reordered','string',NULL,'',NULL,NULL,'f','f','f',4,'f','','t','t','f','---
:text_formatting: ''''
:url_pattern: ''''
','');
DELETE FROM sqlite_sequence;
INSERT INTO "sqlite_sequence" VALUES('roles',2);
INSERT INTO "sqlite_sequence" VALUES('watchers',0);
INSERT INTO "sqlite_sequence" VALUES('users',2);
INSERT INTO "sqlite_sequence" VALUES('tokens',2);
INSERT INTO "sqlite_sequence" VALUES('user_preferences',1);
INSERT INTO "sqlite_sequence" VALUES('settings',11);
INSERT INTO "sqlite_sequence" VALUES('projects',7);
INSERT INTO "sqlite_sequence" VALUES('enabled_modules',70);
INSERT INTO "sqlite_sequence" VALUES('wikis',7);
INSERT INTO "sqlite_sequence" VALUES('issue_statuses',2);
INSERT INTO "sqlite_sequence" VALUES('trackers',1);
INSERT INTO "sqlite_sequence" VALUES('custom_fields',4);
INSERT INTO "sqlite_sequence" VALUES('enumerations',1);
INSERT INTO "sqlite_sequence" VALUES('issues',1);
INSERT INTO "sqlite_sequence" VALUES('custom_values',1);
CREATE UNIQUE INDEX "unique_schema_migrations" ON "schema_migrations" ("version");
CREATE INDEX "documents_project_id" ON "documents" ("project_id");
CREATE INDEX "issue_categories_project_id" ON "issue_categories" ("project_id");
CREATE INDEX "news_project_id" ON "news" ("project_id");
CREATE INDEX "journals_journalized_id" ON "journals" ("journalized_id", "journalized_type");
CREATE INDEX "wikis_project_id" ON "wikis" ("project_id");
CREATE INDEX "wiki_pages_wiki_id_title" ON "wiki_pages" ("wiki_id", "title");
CREATE INDEX "wiki_contents_page_id" ON "wiki_contents" ("page_id");
CREATE INDEX "wiki_content_versions_wcid" ON "wiki_content_versions" ("wiki_content_id");
CREATE INDEX "time_entries_project_id" ON "time_entries" ("project_id");
CREATE INDEX "time_entries_issue_id" ON "time_entries" ("issue_id");
CREATE UNIQUE INDEX "changesets_issues_ids" ON "changesets_issues" ("changeset_id", "issue_id");
CREATE INDEX "messages_board_id" ON "messages" ("board_id");
CREATE INDEX "messages_parent_id" ON "messages" ("parent_id");
CREATE INDEX "custom_values_customized" ON "custom_values" ("customized_type", "customized_id");
CREATE INDEX "wiki_redirects_wiki_id_title" ON "wiki_redirects" ("wiki_id", "title");
CREATE INDEX "enabled_modules_project_id" ON "enabled_modules" ("project_id");
CREATE INDEX "boards_project_id" ON "boards" ("project_id");
CREATE INDEX "projects_trackers_project_id" ON "projects_trackers" ("project_id");
CREATE INDEX "wkfs_role_tracker_old_status" ON "workflows" ("role_id", "tracker_id", "old_status_id");
CREATE INDEX "versions_project_id" ON "versions" ("project_id");
CREATE UNIQUE INDEX "changesets_repos_rev" ON "changesets" ("repository_id", "revision");
CREATE INDEX "watchers_user_id_type" ON "watchers" ("user_id", "watchable_type");
CREATE UNIQUE INDEX "projects_trackers_unique" ON "projects_trackers" ("project_id", "tracker_id");
CREATE UNIQUE INDEX "groups_users_ids" ON "groups_users" ("group_id", "user_id");
CREATE INDEX "index_workflows_on_old_status_id" ON "workflows" ("old_status_id");
CREATE INDEX "index_workflows_on_role_id" ON "workflows" ("role_id");
CREATE INDEX "index_workflows_on_new_status_id" ON "workflows" ("new_status_id");
CREATE INDEX "index_messages_on_last_reply_id" ON "messages" ("last_reply_id");
CREATE INDEX "index_messages_on_author_id" ON "messages" ("author_id");
CREATE INDEX "index_comments_on_commented_id_and_commented_type" ON "comments" ("commented_id", "commented_type");
CREATE INDEX "index_comments_on_author_id" ON "comments" ("author_id");
CREATE INDEX "index_wiki_pages_on_wiki_id" ON "wiki_pages" ("wiki_id");
CREATE INDEX "index_wiki_pages_on_parent_id" ON "wiki_pages" ("parent_id");
CREATE INDEX "index_watchers_on_user_id" ON "watchers" ("user_id");
CREATE INDEX "index_watchers_on_watchable_id_and_watchable_type" ON "watchers" ("watchable_id", "watchable_type");
CREATE INDEX "index_documents_on_category_id" ON "documents" ("category_id");
CREATE INDEX "index_tokens_on_user_id" ON "tokens" ("user_id");
CREATE INDEX "index_changesets_on_user_id" ON "changesets" ("user_id");
CREATE INDEX "index_changesets_on_repository_id" ON "changesets" ("repository_id");
CREATE INDEX "index_issue_categories_on_assigned_to_id" ON "issue_categories" ("assigned_to_id");
CREATE INDEX "index_member_roles_on_member_id" ON "member_roles" ("member_id");
CREATE INDEX "index_member_roles_on_role_id" ON "member_roles" ("role_id");
CREATE INDEX "index_boards_on_last_message_id" ON "boards" ("last_message_id");
CREATE INDEX "index_user_preferences_on_user_id" ON "user_preferences" ("user_id");
CREATE INDEX "index_members_on_user_id" ON "members" ("user_id");
CREATE INDEX "index_members_on_project_id" ON "members" ("project_id");
CREATE INDEX "index_time_entries_on_activity_id" ON "time_entries" ("activity_id");
CREATE INDEX "index_time_entries_on_user_id" ON "time_entries" ("user_id");
CREATE INDEX "index_news_on_author_id" ON "news" ("author_id");
CREATE INDEX "index_wiki_contents_on_author_id" ON "wiki_contents" ("author_id");
CREATE INDEX "index_custom_values_on_custom_field_id" ON "custom_values" ("custom_field_id");
CREATE INDEX "index_journals_on_user_id" ON "journals" ("user_id");
CREATE INDEX "index_journals_on_journalized_id" ON "journals" ("journalized_id");
CREATE INDEX "index_issue_relations_on_issue_from_id" ON "issue_relations" ("issue_from_id");
CREATE INDEX "index_issue_relations_on_issue_to_id" ON "issue_relations" ("issue_to_id");
CREATE INDEX "index_wiki_redirects_on_wiki_id" ON "wiki_redirects" ("wiki_id");
CREATE INDEX "index_journals_on_created_on" ON "journals" ("created_on");
CREATE INDEX "index_changesets_on_committed_on" ON "changesets" ("committed_on");
CREATE INDEX "index_wiki_content_versions_on_updated_on" ON "wiki_content_versions" ("updated_on");
CREATE INDEX "index_messages_on_created_on" ON "messages" ("created_on");
CREATE INDEX "index_news_on_created_on" ON "news" ("created_on");
CREATE INDEX "index_documents_on_created_on" ON "documents" ("created_on");
CREATE INDEX "index_time_entries_on_created_on" ON "time_entries" ("created_on");
CREATE INDEX "index_versions_on_sharing" ON "versions" ("sharing");
CREATE INDEX "index_settings_on_name" ON "settings" ("name");
CREATE INDEX "index_issue_statuses_on_position" ON "issue_statuses" ("position");
CREATE INDEX "index_issue_statuses_on_is_closed" ON "issue_statuses" ("is_closed");
CREATE INDEX "index_issue_statuses_on_is_default" ON "issue_statuses" ("is_default");
CREATE INDEX "index_enumerations_on_project_id" ON "enumerations" ("project_id");
CREATE INDEX "index_enumerations_on_id_and_type" ON "enumerations" ("id", "type");
CREATE INDEX "changesets_repos_scmid" ON "changesets" ("repository_id", "scmid");
CREATE INDEX "changesets_changeset_id" ON "changes" ("changeset_id");
CREATE UNIQUE INDEX "index_members_on_user_id_and_project_id" ON "members" ("user_id", "project_id");
CREATE INDEX "index_projects_on_lft" ON "projects" ("lft");
CREATE INDEX "index_projects_on_rgt" ON "projects" ("rgt");
CREATE INDEX "index_repositories_on_project_id" ON "repositories" ("project_id");
CREATE INDEX "index_auth_sources_on_id_and_type" ON "auth_sources" ("id", "type");
CREATE INDEX "journal_details_journal_id" ON "journal_details" ("journal_id");
CREATE INDEX "changeset_parents_changeset_ids" ON "changeset_parents" ("changeset_id");
CREATE INDEX "changeset_parents_parent_ids" ON "changeset_parents" ("parent_id");
CREATE UNIQUE INDEX "index_issue_relations_on_issue_from_id_and_issue_to_id" ON "issue_relations" ("issue_from_id", "issue_to_id");
CREATE INDEX "index_attachments_on_author_id" ON "attachments" ("author_id");
CREATE INDEX "index_attachments_on_created_on" ON "attachments" ("created_on");
CREATE INDEX "index_attachments_on_container_id_and_container_type" ON "attachments" ("container_id", "container_type");
CREATE UNIQUE INDEX "tokens_value" ON "tokens" ("value");
CREATE UNIQUE INDEX "index_custom_fields_trackers_on_custom_field_id_and_tracker_id" ON "custom_fields_trackers" ("custom_field_id", "tracker_id");
CREATE UNIQUE INDEX "index_custom_fields_projects_on_custom_field_id_and_project_id" ON "custom_fields_projects" ("custom_field_id", "project_id");
CREATE INDEX "index_users_on_id_and_type" ON "users" ("id", "type");
CREATE INDEX "index_users_on_auth_source_id" ON "users" ("auth_source_id");
CREATE INDEX "index_users_on_type" ON "users" ("type");
CREATE INDEX "issues_project_id" ON "issues" ("project_id");
CREATE INDEX "index_issues_on_status_id" ON "issues" ("status_id");
CREATE INDEX "index_issues_on_category_id" ON "issues" ("category_id");
CREATE INDEX "index_issues_on_assigned_to_id" ON "issues" ("assigned_to_id");
CREATE INDEX "index_issues_on_fixed_version_id" ON "issues" ("fixed_version_id");
CREATE INDEX "index_issues_on_tracker_id" ON "issues" ("tracker_id");
CREATE INDEX "index_issues_on_priority_id" ON "issues" ("priority_id");
CREATE INDEX "index_issues_on_author_id" ON "issues" ("author_id");
CREATE INDEX "index_issues_on_created_on" ON "issues" ("created_on");
CREATE INDEX "index_issues_on_root_id_and_lft_and_rgt" ON "issues" ("root_id", "lft", "rgt");
CREATE UNIQUE INDEX "queries_roles_ids" ON "queries_roles" ("query_id", "role_id");
CREATE INDEX "index_queries_on_project_id" ON "queries" ("project_id");
CREATE INDEX "index_queries_on_user_id" ON "queries" ("user_id");
CREATE UNIQUE INDEX "custom_fields_roles_ids" ON "custom_fields_roles" ("custom_field_id", "role_id");
CREATE INDEX "index_custom_fields_on_id_and_type" ON "custom_fields" ("id", "type");
COMMIT;
